{"ag2212": [286.72316836115084, 104.9280134696303], "al2208": [161.59067746150757, 65.24732898763594], "au2208": [41.32311729669501, 17.10141570042523], "bc2209": [21.460496411400182, 13.295333482001222], "bu2209": [337.3276706125281, 127.079827408252], "cu2208": [87.98535569021982, 35.74338744206992], "fu2209": [364.15720524248746, 133.12053880128542], "hc2210": [319.44202013508163, 125.56418871338995], "lu2209": [44.03216236956342, 21.005517874394776], "ni2208": [36.553848881992465, 16.019049791349182], "nr2209": [43.59898013866392, 18.584777680264445], "pb2208": [89.99695624809081, 37.056903502867016], "rb2210": [1048.5096008677515, 357.3587020684988], "ru2209": [237.7614272225153, 90.17994810196797], "sc2208": [74.19942968696218, 26.011878426861557], "sn2208": [44.57334050644755, 17.095971626860006], "sp2209": [241.89751207116984, 85.88077045114247], "ss2208": [84.88733701367993, 36.14591930853829], "wr2210": [1.261463904421598, 0.7868632951920015], "zn2208": [141.59234423683864, 50.77254977593694], "ag2209": [54.81077804501041, 28.063074172286722], "al2209": [50.11062127933046, 25.861319912943692], "au2212": [34.28327567170602, 15.955463275976129], "bc2208": [15.513472949011701, 6.765969335559393], "bu2212": [49.42213097253262, 24.74848127666378], "cu2209": [36.20462807911503, 18.056311820588647], "fu2301": [73.57315859030787, 32.96807238920413], "hc2211": [62.37088096663251, 21.793012918892472], "lu2210": [30.169364037069382, 16.217211622595567], "ni2207": [46.17720357609423, 20.289769150156932], "nr2210": [16.315342971254882, 11.986753281567605], "pb2209": [37.78354052597687, 20.460807473722298], "rb2301": [111.27275022540894, 51.69760852654139], "ru2210": [30.437714594882763, 13.60355027671843], "sc2209": [18.508204956543622, 8.486516814573086], "sn2209": [17.811578720769834, 7.967297915564959], "sp2210": [44.89073329305274, 21.349533011749415], "ss2209": [16.96765655212113, 8.893027377477082], "zn2209": [43.597060421552115, 20.76584911244961], "a2209": [123.48493359709062, 50.8929623686242], "b2209": [33.09511150454053, 15.013340208411936], "c2209": [372.4853593180187, 164.77998651740157], "cs2209": [139.85634327785212, 62.37888209259466], "eb2208": [166.17376116860726, 61.096884425631046], "eg2209": [236.98622595059587, 89.96143909642672], "fb2209": [15.602061322315626, 9.138054649357041], "i2209": [430.62182955640117, 168.53214738262147], "j2209": [36.30620639601632, 13.734640269096467], "jd2209": [109.34597757004195, 48.18426095088345], "jm2209": [47.98366452503571, 17.793392706449655], "l2209": [285.1705652810832, 111.7737842942037], "lh2209": [53.28736302995081, 20.59518820530759], "m2209": [593.8830530916982, 225.78007430276614], "p2209": [521.2324493972782, 156.45289246644256], "pg2208": [87.25480060834843, 31.226522714794427], "pp2209": [302.2837389767325, 110.67068632565156], "rr2208": [18.709829463940086, 7.904226321402469], "v2209": [472.4191903522212, 160.64638196769266], "y2209": [406.618214812186, 132.35154892680612], "a2211": [34.3009723737399, 15.244614245771304], "b2208": [11.613275345433529, 5.20842982313959], "c2301": [141.67548581648774, 73.51183459824784], "cs2211": [27.669764426064702, 13.23789345697715], "eb2209": [38.69302471924779, 18.875560115107298], "eg2208": [55.4677618522831, 23.216004748827743], "fb2301": [0.9558298521149151, 0.5983394544938755], "i2301": [162.9382414159941, 66.51180636842092], "j2301": [4.576292906033276, 2.690807203311609], "jd2208": [20.22841398551351, 11.244481002382052], "jm2301": [4.513930043545592, 2.2190913311728213], "l2208": [92.97778863895637, 31.28099252360782], "lh2301": [16.591287022925037, 9.024634781744581], "m2301": [188.83996731100382, 97.08504205264876], "p2301": [59.305238142440714, 29.4727618817706], "pg2209": [19.392095035378016, 9.632654917873177], "pp2208": [88.88434376872459, 32.14251124604748], "rr2209": [15.326402904257167, 7.774229416810679], "v2208": [83.86236267852664, 28.490769355874356], "y2301": [54.33315611501395, 28.222718445181663], "AP210": [183.2890690085185, 67.080745289253], "CF209": [378.47002419763044, 128.02545509870038], "CJ209": [57.76847004096886, 27.338541473763442], "CY209": [12.722389815418321, 6.593275088942888], "FG209": [603.6218723492615, 236.28357804512473], "LR207": [3.789562704524051, 3.789562704524051], "MA209": [959.7877248793193, 393.16452679094095], "OI209": [172.197270494769, 58.98387858257081], "PF209": [148.41907713588242, 60.74641187579115], "PK210": [191.53679409185776, 77.18685598349259], "RI207": [0.0, 0.0], "RM301": [130.58199825945886, 56.787478205199335], "RS209": [3.5422566071506387, 2.0108724098824498], "SA209": [503.8912794592559, 193.85549268951436], "SF209": [207.1242876961884, 74.56686973317778], "SM209": [188.51945609010545, 73.26965366106205], "SR209": [205.73290120496975, 83.68262634992858], "TA209": [993.4032350117132, 379.9900731390533], "UR209": [80.51538127374467, 32.633913087232706], "ZC209": [3.281739604737197, 0.8454672225654067], "AP301": [27.121805224461486, 13.406930630947947], "CF301": [146.11831423057762, 69.21359745460019], "CJ301": [54.388585064220734, 31.231403773957545], "CY301": [0.7627515704468375, 0.4685996175221065], "FG301": [93.75111320399031, 44.97215705863533], "MA210": [100.53699063134316, 37.66085151142505], "OI301": [38.91743719526518, 18.382703234101832], "PF208": [52.53145859446048, 22.249445424424543], "PK301": [38.17033722650905, 25.37363001159952], "RM209": [114.44327556103039, 46.93931885688587], "SA301": [189.71286379044201, 71.98313012188879], "SF208": [58.120294475850166, 23.875171309513995], "SM208": [48.37212978140296, 18.759362859467394], "SR211": [83.17650048789778, 35.19550806960518], "TA301": [132.09472102906614, 64.4026827336582], "UR301": [21.694597880759282, 12.525411058376879]}